{"cameraMode":{"drawMode":0,"name":"Shaded","section":"Shading Mode"},"sceneLighting":false,"audioPlay":false,"sceneViewState":{"showFog":false,"showMaterialUpdate":false,"showSkybox":false,"showFlares":false,"showImageEffects":false,"showParticleSystems":false},"in2DMode":false,"pivot":{"x":263.588134765625,"y":238.0679473876953,"z":36.68280029296875},"rotation":{"x":-0.10612068325281143,"y":-0.011645802296698094,"z":0.0012204113882035018,"w":-0.9943016171455383},"size":716.8019409179688,"orthographic":false}